"Year","x","DelaySum"
"2013",27657,460.95
"2014",34348,572.466666666667
"2015",45803,763.383333333333
