"Year","x","DelaySum"
"2013",28444,474.066666666667
"2014",34730,578.833333333333
"2015",45803,763.383333333333
